Txhash,Blockno,UnixTimestamp,DateTime,,From,,To,ContractAddress,Value_IN(ETH),Value_OUT(ETH),CurrentValue @ $0/Eth,TxnFee(ETH),TxnFee(USD),Historical $Price/Eth,Status,ErrCode
0x6122d6e0f14ed50e2b94bf4cf6067a55038d5ee0862a3ba283fb9335cd50549e,7883987,1589226750,2020-05-11 19:52:30,", ""from"":""",0x132e2c063960e14ee62ec2dac6aba6ba4bb68552,"""",0x613cbf42c6f0cc759aef34beb85f0e49b2f29858,,0,0,0,0.00272198,0,,,
0x3bfc4847ac38f925702d57efce3d957b8cd312908ab49db70ebfb4323f54a1f5,7883992,1589226981,2020-05-11 19:56:21,", ""from"":""",0x132e2c063960e14ee62ec2dac6aba6ba4bb68552,"""",0x613cbf42c6f0cc759aef34beb85f0e49b2f29858,,0,0,0,0.048048552,0,,,
0x98ca4b7db79ea5567ebdb06a5b56aca70aa0ad6df4161542583fdd529e938f57,7884113,1589231363,2020-05-11 21:09:23,", ""from"":""",0xd33c893158ca813aef9c6cf7bc7fd86b5ae6391d,"""",0x613cbf42c6f0cc759aef34beb85f0e49b2f29858,,0,0,0,0.0028853693,0,,,
0xd73411770b8140f34fca67e01b903e17f74554e0efce5d7c1554f4051661a7aa,7892308,1589353930,2020-05-13 07:12:10,", ""from"":""",0xe9b96929061cfe6761124276dbe31ddc725346fc,"""",0x613cbf42c6f0cc759aef34beb85f0e49b2f29858,,0,0,0,0.002553216,0,,,
0xb53b2fbc5e8391dccf62aa3542f52ad3a679a0da5517fb0dde350430a4868158,7892365,1589354132,2020-05-13 07:15:32,", ""from"":""",0xe9b96929061cfe6761124276dbe31ddc725346fc,"""",0x613cbf42c6f0cc759aef34beb85f0e49b2f29858,,0,0,0,0.002481152,0,,,
0x4063c579afff8e81732facfa6ee5517bf600345cd2b711e4859dedf1c7335ed4,7896281,1589395711,2020-05-13 18:48:31,", ""from"":""",0x476e2651bf97de8a26e4a05a9c8e00a6efa1390c,"""",0x613cbf42c6f0cc759aef34beb85f0e49b2f29858,,0,0,0,0.016398798,0,,,
0xb0150e29126a105bf83b8ad294d7de02725535667bc20c447481f1abe392bb03,7919813,1589715599,2020-05-17 11:39:59,", ""from"":""",0xea91858893fc140346f0e0b7c44b965422ed4808,"""",0x613cbf42c6f0cc759aef34beb85f0e49b2f29858,,0,0,0,0.000333890657743785,0,,,
0x8821c2f29959666d93ba1a6500b1a39452ac6334832edf45cbf34a2b8b15c0a9,7919830,1589715797,2020-05-17 11:43:17,", ""from"":""",0xea91858893fc140346f0e0b7c44b965422ed4808,"""",0x613cbf42c6f0cc759aef34beb85f0e49b2f29858,,0,0,0,0.000320498043672885,0,,,
0x0151b1a3501ad26acc1885827f892db65464708d3ddb2632fc1fe2bd8e694f29,7919830,1589715797,2020-05-17 11:43:17,", ""from"":""",0xea91858893fc140346f0e0b7c44b965422ed4808,"""",0x613cbf42c6f0cc759aef34beb85f0e49b2f29858,,0,0,0,0.000320498043672885,0,,,
0xeac1947fc68de7f9e36bf1de0877e909e1e3114c5ee79d0887833edf0734d8af,7919880,1589716423,2020-05-17 11:53:43,", ""from"":""",0xd33c893158ca813aef9c6cf7bc7fd86b5ae6391d,"""",0x613cbf42c6f0cc759aef34beb85f0e49b2f29858,,0,0,0,0.000338853774887715,0,,,
0x1d9b86c1deb0a8600b91c2ed7d317913195bbe5e02d41f842e3ff7d1dcc66392,7920418,1589746292,2020-05-17 20:11:32,", ""from"":""",0xea91858893fc140346f0e0b7c44b965422ed4808,"""",0x613cbf42c6f0cc759aef34beb85f0e49b2f29858,,0,0,0,0.002686489,0,,,
0xcabf9070cef3d609c87928550664dd0ee64e934568d2cdf989be1b61b7ce4754,7920418,1589746292,2020-05-17 20:11:32,", ""from"":""",0xea91858893fc140346f0e0b7c44b965422ed4808,"""",0x613cbf42c6f0cc759aef34beb85f0e49b2f29858,,0,0,0,0.002686489,0,,,
0x1d609d303be789e34f27fc2029f37ff6ccbd8ce1016a14009acea0518f8c5aec,7920421,1589746426,2020-05-17 20:13:46,", ""from"":""",0xea91858893fc140346f0e0b7c44b965422ed4808,"""",0x613cbf42c6f0cc759aef34beb85f0e49b2f29858,,0,0,0,0.002686489,0,,,
0xaf9cdc05788604f08aa0c997d4b8409c78667bd397d840ba1634b851e8888f3f,7920421,1589746426,2020-05-17 20:13:46,", ""from"":""",0xea91858893fc140346f0e0b7c44b965422ed4808,"""",0x613cbf42c6f0cc759aef34beb85f0e49b2f29858,,0,0,0,0.002686489,0,,,
0x05ea100a5f146f0a9907cf126353b2a8ee308fd8f0828ddd02afced2cb9d6c06,8012075,1591032608,2020-06-01 17:30:08,", ""from"":""",0x5a25542e7678000dd21d771184de19f1cc948536,"""",0x613cbf42c6f0cc759aef34beb85f0e49b2f29858,,0,0,0,0.00538407,0,,,
